{
  "trained_at": "2026-02-05T01:58:52.437431",
  "data_file": ".elizadb/vince-paper-bot/features",
  "total_records": 1514,
  "trades_with_outcomes": 1250,
  "models_trained": [
    "signal_quality",
    "position_sizing",
    "tp_optimizer",
    "sl_optimizer"
  ],
  "models_fit": [
    "signal_quality",
    "position_sizing",
    "tp_optimizer",
    "sl_optimizer"
  ],
  "improvement_report": {
    "feature_importances": {
      "signal_quality": {
        "feature_importances": {
          "market_priceChange24h": 0.04567904770374298,
          "market_volumeRatio": 0.038946911692619324,
          "market_fundingPercentile": 0.0449068546295166,
          "market_longShortRatio": 0.05003844201564789,
          "signal_strength": 0.03794711083173752,
          "signal_confidence": 0.049233727157115936,
          "signal_source_count": 0.06921073794364929,
          "signal_hasCascadeSignal": 0.0,
          "signal_hasFundingExtreme": 0.041327666491270065,
          "signal_hasWhaleSignal": 0.04941277578473091,
          "session_isWeekend": 0.0,
          "session_isOpenWindow": 0.05502123758196831,
          "session_utcHour": 0.042366087436676025,
          "market_dvol": 0.0,
          "market_rsi14": 0.050051990896463394,
          "market_oiChange24h": 0.04714132100343704,
          "market_fundingDelta": 0.0,
          "market_bookImbalance": 0.0,
          "market_bidAskSpread": 0.0,
          "market_priceVsSma20": 0.0,
          "signal_avg_sentiment": 0.04439263790845871,
          "news_nasdaqChange": 0.05236243084073067,
          "news_macro_risk_on": 0.04501844570040703,
          "news_macro_risk_off": 0.049414001405239105,
          "regime_volatility_high": 0.04017437621951103,
          "regime_bullish": 0.028191499412059784,
          "regime_bearish": 0.023541202768683434,
          "asset_BTC": 0.056481219828128815,
          "asset_ETH": 0.03914032503962517,
          "asset_HYPE": 0.0,
          "asset_SOL": 0.0
        },
        "suggested_threshold": 0.48,
        "feature_names": [
          "market_priceChange24h",
          "market_volumeRatio",
          "market_fundingPercentile",
          "market_longShortRatio",
          "signal_strength",
          "signal_confidence",
          "signal_source_count",
          "signal_hasCascadeSignal",
          "signal_hasFundingExtreme",
          "signal_hasWhaleSignal",
          "session_isWeekend",
          "session_isOpenWindow",
          "session_utcHour",
          "market_dvol",
          "market_rsi14",
          "market_oiChange24h",
          "market_fundingDelta",
          "market_bookImbalance",
          "market_bidAskSpread",
          "market_priceVsSma20",
          "signal_avg_sentiment",
          "news_nasdaqChange",
          "news_macro_risk_on",
          "news_macro_risk_off",
          "regime_volatility_high",
          "regime_bullish",
          "regime_bearish",
          "asset_BTC",
          "asset_ETH",
          "asset_HYPE",
          "asset_SOL"
        ]
      },
      "position_sizing": {
        "feature_importances": {
          "signal_strength": 0.06368209421634674,
          "signal_confidence": 0.051001615822315216,
          "signal_source_count": 0.03461964428424835,
          "session_isWeekend": 0.0,
          "exec_streakMultiplier": 0.07747844606637955,
          "market_dvol": 0.0,
          "market_rsi14": 0.07450392842292786,
          "market_oiChange24h": 0.0735170841217041,
          "market_atrPct": 0.06941955536603928,
          "market_fundingDelta": 0.0,
          "market_bookImbalance": 0.0,
          "market_bidAskSpread": 0.0,
          "market_priceVsSma20": 0.0,
          "signal_avg_sentiment": 0.07526585459709167,
          "news_nasdaqChange": 0.056731171905994415,
          "news_macro_risk_on": 0.08100464195013046,
          "news_macro_risk_off": 0.07443270087242126,
          "volatility_level": 0.049853965640068054,
          "asset_BTC": 0.07560764998197556,
          "asset_ETH": 0.05232664942741394,
          "asset_HYPE": 0.06491757184267044,
          "asset_SOL": 0.02563742734491825
        }
      },
      "tp_optimizer": {
        "feature_importances": {
          "signal_direction_num": 0.06983544677495956,
          "market_atrPct": 0.07540585100650787,
          "signal_strength": 0.07625403255224228,
          "signal_confidence": 0.07564019411802292,
          "market_dvol": 0.0,
          "market_rsi14": 0.08427583426237106,
          "market_oiChange24h": 0.08261667937040329,
          "market_fundingDelta": 0.0,
          "market_bookImbalance": 0.0,
          "market_bidAskSpread": 0.0,
          "market_priceVsSma20": 0.0,
          "signal_avg_sentiment": 0.08330128341913223,
          "volatility_level": 0.08039563149213791,
          "market_regime_num": 0.08466708660125732,
          "asset_BTC": 0.06149876490235329,
          "asset_ETH": 0.0820510983467102,
          "asset_HYPE": 0.0807543396949768,
          "asset_SOL": 0.06330379098653793
        }
      },
      "sl_optimizer": {
        "feature_importances": {
          "signal_direction_num": 0.06898198276758194,
          "market_atrPct": 0.06946246325969696,
          "signal_strength": 0.07579474151134491,
          "signal_confidence": 0.07606004923582077,
          "market_dvol": 0.0,
          "market_rsi14": 0.07624910771846771,
          "market_oiChange24h": 0.07153340429067612,
          "market_fundingDelta": 0.0,
          "market_bookImbalance": 0.0,
          "market_bidAskSpread": 0.0,
          "market_priceVsSma20": 0.0,
          "signal_avg_sentiment": 0.06783243268728256,
          "volatility_level": 0.11061691492795944,
          "market_regime_num": 0.07512785494327545,
          "asset_BTC": 0.027049709111452103,
          "asset_ETH": 0.053291093558073044,
          "asset_HYPE": 0.057981155812740326,
          "asset_SOL": 0.17001906037330627
        }
      }
    },
    "tp_level_performance": {
      "0": {
        "win_rate": 0.576,
        "count": 321
      },
      "1": {
        "win_rate": 0.546,
        "count": 306
      },
      "2": {
        "win_rate": 0.54,
        "count": 326
      },
      "3": {
        "win_rate": 0.535,
        "count": 297
      }
    },
    "decision_drivers_by_direction": {
      "long": {
        "sample_drivers": [
          "Funding neutral",
          "Session overlap",
          "Strength > 50",
          "Market regime bearish (weak 24h price action + sentiment)",
          "SOL funding discount on Hyperliquid vs CEX - long edge",
          "Extreme fear (14)",
          "OI 1.0B",
          "RSI oversold (22) - favoring long entry"
        ],
        "trade_count": 689,
        "total_factor_mentions": 2468
      },
      "short": {
        "sample_drivers": [
          "Funding neutral",
          "Session overlap",
          "Strength > 50",
          "Market regime bearish (weak 24h price action + sentiment)",
          "Options skew fearful (put premium elevated) - contrarian long",
          "Extreme fear (14)",
          "Hyperliquid perps funding neutral",
          "OI 6.9B"
        ],
        "trade_count": 825,
        "total_factor_mentions": 3956
      }
    },
    "suggested_signal_factors": [
      {
        "name": "Funding 8h delta",
        "reason": "present but 0% non-null \u2014 consider populating",
        "description": "Change in funding rate over last 8h; predicts reversals."
      },
      {
        "name": "Order book imbalance",
        "reason": "present but 16% non-null \u2014 consider populating",
        "description": "Bid vs ask depth; short-term direction."
      },
      {
        "name": "Bid-ask spread",
        "reason": "present but 16% non-null \u2014 consider populating",
        "description": "Liquidity / slippage proxy."
      },
      {
        "name": "Price vs SMA20",
        "reason": "present but 0% non-null \u2014 consider populating",