{
  "trained_at": "2026-02-03T22:16:46.813836",
  "data_file": ".elizadb/vince-paper-bot/features",
  "total_records": 1287,
  "trades_with_outcomes": 1250,
  "models_trained": [
    "signal_quality",
    "position_sizing",
    "tp_optimizer",
    "sl_optimizer"
  ],
  "models_fit": [
    "signal_quality",
    "position_sizing",
    "tp_optimizer",
    "sl_optimizer"
  ],
  "improvement_report": {
    "feature_importances": {
      "signal_quality": {
        "feature_importances": {
          "market_priceChange24h": 0.05526822805404663,
          "market_volumeRatio": 0.04466184228658676,
          "market_fundingPercentile": 0.06068967282772064,
          "market_longShortRatio": 0.053295280784368515,
          "signal_strength": 0.05932503566145897,
          "signal_confidence": 0.0606168732047081,
          "signal_source_count": 0.0,
          "signal_hasCascadeSignal": 0.0,
          "signal_hasFundingExtreme": 0.0,
          "signal_hasWhaleSignal": 0.06407327204942703,
          "session_isWeekend": 0.0,
          "session_isOpenWindow": 0.052917223423719406,
          "session_utcHour": 0.06292842328548431,
          "market_dvol": 0.0,
          "market_rsi14": 0.04711480811238289,
          "market_oiChange24h": 0.05964787304401398,
          "market_fundingDelta": 0.0,
          "market_bookImbalance": 0.0,
          "market_bidAskSpread": 0.0,
          "market_priceVsSma20": 0.0,
          "signal_avg_sentiment": 0.053636737167835236,
          "regime_volatility_high": 0.06458377093076706,
          "regime_bullish": 0.0,
          "regime_bearish": 0.07328764349222183,
          "asset_BTC": 0.06501058489084244,
          "asset_ETH": 0.03135072812438011,
          "asset_HYPE": 0.05292326956987381,
          "asset_SOL": 0.03866876661777496
        },
        "suggested_threshold": 0.48
      },
      "position_sizing": {
        "feature_importances": {
          "signal_strength": 0.10126199573278427,
          "signal_confidence": 0.0985385924577713,
          "signal_source_count": 0.0,
          "session_isWeekend": 0.0,
          "exec_streakMultiplier": 0.11659740656614304,
          "market_dvol": 0.0,
          "market_rsi14": 0.10168789327144623,
          "market_oiChange24h": 0.12768232822418213,
          "market_atrPct": 0.09927856177091599,
          "market_fundingDelta": 0.0,
          "market_bookImbalance": 0.0,
          "market_bidAskSpread": 0.0,
          "market_priceVsSma20": 0.0,
          "signal_avg_sentiment": 0.10546936094760895,
          "volatility_level": 0.10410059988498688,
          "asset_BTC": 0.0,
          "asset_ETH": 0.06798035651445389,
          "asset_HYPE": 0.0,
          "asset_SOL": 0.07740286737680435
        }
      },
      "tp_optimizer": {
        "feature_importances": {
          "signal_direction_num": 0.07613154500722885,
          "market_atrPct": 0.07758993655443192,
          "signal_strength": 0.08021458238363266,
          "signal_confidence": 0.07524173706769943,
          "market_dvol": 0.0,
          "market_rsi14": 0.08841486275196075,
          "market_oiChange24h": 0.07607787102460861,
          "market_fundingDelta": 0.0,
          "market_bookImbalance": 0.0,
          "market_bidAskSpread": 0.0,
          "market_priceVsSma20": 0.0,
          "signal_avg_sentiment": 0.08450428396463394,
          "volatility_level": 0.07150737941265106,
          "market_regime_num": 0.07558998465538025,
          "asset_BTC": 0.05851041525602341,
          "asset_ETH": 0.1017116978764534,
          "asset_HYPE": 0.0653623715043068,
          "asset_SOL": 0.06914331018924713
        }
      },
      "sl_optimizer": {
        "feature_importances": {
          "signal_direction_num": 0.05607585981488228,
          "market_atrPct": 0.10364145785570145,
          "signal_strength": 0.1521202176809311,
          "signal_confidence": 0.093278668820858,
          "market_dvol": 0.0,
          "market_rsi14": 0.09480426460504532,
          "market_oiChange24h": 0.12653225660324097,
          "market_fundingDelta": 0.0,
          "market_bookImbalance": 0.0,
          "market_bidAskSpread": 0.0,
          "market_priceVsSma20": 0.0,
          "signal_avg_sentiment": 0.10058125853538513,
          "volatility_level": 0.10389000177383423,
          "market_regime_num": 0.09617143124341965,
          "asset_BTC": 0.023509372025728226,
          "asset_ETH": 0.0,
          "asset_HYPE": 0.04939516261219978,
          "asset_SOL": 0.0
        }
      }
    },
    "tp_level_performance": {
      "0": {
        "win_rate": 0.599,
        "count": 309
      },
      "1": {
        "win_rate": 0.548,
        "count": 294
      },
      "2": {
        "win_rate": 0.53,
        "count": 347
      },
      "3": {
        "win_rate": 0.553,
        "count": 300
      }
    },
    "decision_drivers_by_direction": {
      "long": {
        "sample_drivers": [
          "Funding neutral",
          "Session overlap",
          "Strength > 50",
          "Extreme fear (17)",
          "Market regime bearish (weak 24h price action + sentiment)",
          "SOL funding discount on Hyperliquid vs CEX - long edge",
          "Funding negative (-0.0140%)",
          "Long-biased L/S (3.76)"
        ],
        "trade_count": 633,
        "total_factor_mentions": 1909
      },
      "short": {
        "sample_drivers": [
          "Funding neutral",
          "Session overlap",
          "Strength > 50",
          "Market regime bearish (weak 24h price action + sentiment)",
          "Extreme fear (17)",
          "Options skew fearful (put premium elevated) - contrarian long",
          "Binance top traders 66% long (crowded)",
          "OI 7.0B"
        ],
        "trade_count": 654,
        "total_factor_mentions": 2146
      }
    },
    "suggested_signal_factors": [
      {
        "name": "Funding 8h delta",
        "reason": "present but 0% non-null \u2014 consider populating",
        "description": "Change in funding rate over last 8h; predicts reversals."
      },
      {
        "name": "Order book imbalance",
        "reason": "present but 1% non-null \u2014 consider populating",
        "description": "Bid vs ask depth; short-term direction."
      },
      {
        "name": "Bid-ask spread",
        "reason": "present but 1% non-null \u2014 consider populating",
        "description": "Liquidity / slippage proxy."
      },
      {
        "name": "Price vs SMA20",
        "reason": "present but 0% non-null \u2014 consider populating",
        "description": "Trend alignment."
      },
      {
        "name": "DVOL / volatility index",
        "reason": "present but 1% non-null \u2014 consider populating",
        "description": "Options-implied volatility."
      },
      {
        "name": "NASDAQ 24h change",
        "reason": "present but 0% non-null \u2014 consider populating",
        "description": "Risk-on/risk-off macro."
      },
      {
        "name": "ETF flow (BTC/ETH)",
        "reason": "present but 0% non-null \u2014 consider populating",
        "description": "Institutional flow."
      },
      {
        "name": "Macro risk environment",
        "reason": "present but 0% non-null \u2014 consider populating",
        "description": "risk_on / risk_off / neutral."
      },
      {
        "name": "Signal source sentiment",
        "reason": "present but 20% non-null \u2014 consider populating",
        "description": "Per-source sentiment from aggregator."
      }
    ],